h2,ch4,c2h6,c2h4,c2h2,act
200.83,59.45,41.0,40.48,150.84,1
71.6,20.2,2.7,34.6,44.2,1
29.3,24.9,7.3,11.4,7.5,1
255.0,48.0,8.3,33.0,29.8,1
138.5,68.4,0.0,193.6,137.0,1
151.0,51.0,16.0,12.0,19.0,1
0.0001,21.0,0.0001,0.0001,40.0,1
29.1,11.4,1.41,20.34,37.6,1
189.0,157.0,17.0,62.0,7.4,1
35.0,11.0,0.001,7.0,146.0,1
41.0,16.0,19.0,58.0,106.0,1
123.0,50.7,9.0,62.0,65.9,1
201.0,36.0,6.0,32.3,47.2,1
188.0,236.0,18.1,237.0,31.8,1
65.4,20.2,70.0,39.0,40.2,1
150.0,80.0,235.0,105.0,35.0,1
77.0,36.0,27.0,18.0,76.0,1
75.0,5.0,31.0,69.0,36.0,1
420.0,200.0,14.0,230.0,180.0,1
615.0,200.0,42.0,102.0,68.0,1
10.0,15.0,0.001,0.001,35.0,1
17.0118,13.7574,3.0695,39.571,26.5902,1
512.0,87.0,11.5,163.9,185.21,1
46.0,37.2,8.3,107.0,71.9,1
100.0,94.0,22.0,304.0,118.0,1
70.0,4.0,91.0,0.001,34.0,1
44.964,8.0935,1.0941,18.8849,26.9784,1
32.5967,15.4696,4.9724,38.674,8.2873,1
61.0,21.0,2.0,26.0,89.0,1
39.0,123.0,15.0,121.0,109.0,1
20.39,17.18,1.77,24.72,35.96,1
43.0,19.0,3.0,0.001,40.0,1
46.0,21.0,1.0,11.0,93.0,1
51.2,37.6,5.1,52.8,51.6,1
191.0,62.0,27.0,123.0,71.0,1
260.0,130.0,26.0,84.0,92.0,1
18.5,4.61,0.8,4.2,7.5,1
212.0,38.0,15.0,47.0,78.0,1
120.0,31.0,0.001,66.0,94.0,1
49.0,41.6,25.1,124.0,15.7,1
170.0,24.0,7.0,17.0,54.0,1
88.0,45.0,57.0,15.0,39.0,1
139.0,52.2,6.8,62.8,9.6,1
26.6,4.0,0.0001,8.0,50.0,1
164.0,25.0,6.1,11.4,13.5,1
102.0,3.9,0.8,7.7,39.2,1
156.0,55.0,103.0,13.0,16.0,1
22.0,14.0,19.0,6.0,56.0,1
162.0,35.0,5.6,30.0,44.0,1
34.45,21.92,3.19,44.96,19.62,1
21.0,34.0,5.0,47.0,62.0,1
550.4,70.3,9.4,136.7,100.8,1
48.0,20.0,69.0,41.0,31.0,1
57.0,15.0,3.1,23.0,25.3,1
62.3063,11.1903,1.8599,10.0123,14.6311,1
70.0,4.0,91.0,0.0001,34.0,1
217.5,40.0,4.9,51.8,67.5,1
98.0,252.0,95.0,646.0,22.0,1
85.0,26.1,12.9,21.0,48.0,1
158.0,35.0,25.0,10.0,79.0,1
34.0,21.0,4.0,49.0,56.0,1
279.0,41.0,9.7,42.0,34.0,1
531.0,111.9,22.7,122.5,169.0,1
12.64,4.58,5.82,3.954,4.75,1
18.34,16.26,3.38,17.95,16.42,1
32.4,5.5,1.4,12.6,13.2,1
594.0,230.0,44.0,130.0,102.0,1
88.5,22.8,108.4,12.0,7.5,1
443.0,85.2,9.5,102.9,173.9,1
0.001,21.0,0.001,0.001,40.0,1
705.0,229.0,147.0,175.0,86.0,1
87.0,34.0,23.0,15.0,60.0,1
166.0,29.0,29.0,11.0,109.0,1
198.0,39.0,7.1,27.0,22.5,1
88.0,21.8,79.2,41.2,41.5,1
114.0,41.0,27.0,15.0,42.0,1
250.0,63.0,2.8,66.0,120.0,1
19.0,12.0,2.0,8.0,63.0,1
300.0,85.0,50.0,197.0,159.0,1
413.0,6.8,40.4,4.6,8.15,1
150.0,77.0,5.0,45.0,105.0,1
36.0,124.0,2.0,122.0,108.0,1
35.0,25.0,0.0,23.0,22.0,1
4.0,88.0,213.0,14.0,35.0,1
43.0,19.0,3.0,0.0001,40.0,1
245.0,120.0,18.0,131.0,167.0,1
307.0,22.0,2.0,33.0,109.0,1
161.2,38.4,4.4,35.1,125.4,1
63.0,22.0,15.0,11.0,76.0,1
80.0,28.0,4.0,15.0,107.0,1
274.0,27.0,5.0,33.0,97.0,1
23.4,14.3,7.12,9.71,3.44,1
160.0,25.2,5.3,12.3,15.7,1
31.8,25.0,8.2,12.9,5.7,1
120.0,31.0,0.0001,66.0,94.0,1
25.0,28.0,27.0,15.0,80.0,1
117.0,5.8,15.9,7.0,12.8,1
112.0,15.4,2.8,26.3,92.0,1
59.0,20.0,120.0,5.5,8.9,1
121.0,14.0,3.0,29.0,74.0,1
127.0,24.0,0.001,32.0,81.0,1
305.0,85.0,25.0,197.0,130.0,1
55.8,37.2,15.6,15.0,1.8,1
437.0,27.2,22.5,34.9,30.2,1
64.0,22.0,20.7,51.7,95.1,1
57.0,148.0,197.0,72.0,42.0,1
195.7,58.0,16.4,91.6,96.9,1
73.0,18.5,1.4,28.7,24.7,1
123.0,51.3,15.6,16.0,42.0,1
63.5,7.45,1.85,18.0,6.5,1
64.0,18.0,1.0,4.0,122.0,1
12.4,6.5,15.3,69.0,15.0,1
13.0,3.0,1.0,3.0,6.0,1
29.0,7.52,5.5,14.8,5.4,1
218.0,195.0,35.0,217.0,33.0,1
60.0,40.0,10.0,110.0,70.0,1
667.0,204.0,140.0,164.0,93.0,1
44.11,24.55,6.66,24.14,0.54,1
60.0,5.0,2.0,21.0,21.0,1
21.0,7.6,4.7,96.3,26.73,1
65.0,26.1,10.1,41.6,57.8,1
136.0,140.0,59.0,582.0,140.0,1
67.0,8.96,6.27,5.49,6.87,1
159.0,33.0,28.0,11.0,57.0,1
60.0,5.0,2.0,21.0,32.0,1
200.0,48.0,14.0,117.0,131.0,1
30.4094,8.1412,0.7212,16.0032,44.725,1
17.0,42.0,192.0,12.0,20.0,1
4.23,11.75,0.0,2.65,9.11,1
300.0,240.0,14.0,160.0,140.0,1
106.0,24.0,4.0,28.0,37.0,1
138.8,52.2,6.77,62.8,9.55,1
35.0,39.5,9.63,53.276,53.89,1
37.9,7.7,2.16,18.4,33.7,1
120.0,31.0,0.0,66.0,94.0,1
5.5,2.7,9.6,0.0,3.8,1
56.0,10.0,1.3,13.5,17.6,1
44.09,13.64,2.42,20.08,20.21,1
100.0,22.0,1.5,26.2,33.0,1
23.0,12.0,12.0,10.0,61.0,1
43.0,36.0,41.0,47.0,13.0,1
90.83,24.1,5.23,8.87,9.08,1
42.1,28.0,10.0,51.0,5.8,1
26.0,68.0,93.0,31.0,59.0,1
10.0,15.0,0.0001,0.0001,35.0,1
81.0,7.3,6.3,26.4,111.0,1
88.0,6.0,5.0,21.0,21.0,1
35.0,11.0,0.0001,7.0,146.0,1
155.0,49.0,69.3,42.0,10.7,1
44.3,17.3,3.6,23.3,10.4,1
980.0,570.0,37.0,480.0,54.0,1
150.0,130.0,9.0,55.0,30.0,1
176.0,205.9,47.7,75.7,68.7,1
154.6,50.9,3.8,46.8,152.8,1
84.0,6.0,1.0,14.0,86.0,1
46.0,11.0,4.0,46.0,71.0,1
335.0,67.0,18.0,143.0,170.0,1
23.0233,12.0046,10.0593,12.0,61.8213,1
126.0,5.0,1.0,6.0,24.0,1
2.0,41.0,133.0,9.0,21.0,1
200.83,59.45,0.0,40.48,150.84,1
14.3,92.6,83.9,16.7,26.8,1
50.0,42.0,98.0,10.0,33.0,1
47.0,9.0,4.0,16.0,81.0,1
512.0,87.0,11.5,163.59,185.21,1
497.0,230.0,51.0,151.0,122.0,1
34.0,0.001,0.001,0.001,44.0,1
30.0,14.0,1.0,9.0,43.0,1
44.7927,17.4924,3.64,23.5592,10.5157,1
75.0,15.0,7.0,14.0,26.0,1
37.0,11.8,15.5,43.6,83.3,1
74.0,15.0,7.0,13.0,31.0,1
16.0,87.0,75.0,395.0,30.0,2
65.0,61.0,16.0,143.0,3.0,2
30.0,51.0,12.0,54.0,0.0001,2
17.0,17.0,2.0,57.0,7.0,2
55.0,159.0,114.0,493.0,0.0001,2
11.7,69.7,14.8,114.7,0.0,2
220.0,502.0,178.0,1017.0,7.8,2
81.0,158.1,30.2,254.0,4.0,2
2.9,109.5,32.9,123.0,0.0,2
11.68,260.47,122.2,476.83,0.0,2
7.0,125.0,6.0,36.0,13.0,2
50.0,90.0,18.0,260.0,5.9,2
36.35,281.87,85.0,365.39,2.88,2
81.0,99.0,47.0,197.0,0.0,2
19.0,321.0,85.0,520.0,0.0,2
90.0,149.0,32.4,486.0,19.2,2
0.001,0.001,0.001,142.0,0.001,2
17.0,7.0,4.0,7.0,6.0,2
8.0,110.2,32.9,132.4,0.0,2
179.0,306.0,73.0,579.0,0.0001,2
12.0,270.0,0.001,275.0,0.001,2
56.0,285.0,7.0,28.0,96.0,2
3.4,89.3,27.8,124.2,0.3,2
90.0,160.0,54.0,330.0,29.0,2
220.0,340.0,14.0,480.0,42.0,2
150.0,22.0,11.0,60.0,9.0,2
39.0,7.0,12.0,65.0,0.001,2
78.0,161.0,86.0,353.0,10.0,2
39.4,40.6,17.2,51.4,4.3,2
14.9,88.3,15.1,127.3,0.0,2
2.8,103.6,35.1,130.3,0.0,2
2.7,110.9,37.3,136.3,0.0,2
2.7,91.5,27.6,123.7,0.3,2
27.1,92.2,20.1,220.3,0.9,2
26.0,298.0,9.0,69.0,0.0,2
37.0,71.0,2.0,166.0,12.0,2
90.0,160.0,330.0,54.0,29.0,2
0.001,0.001,9.0,57.0,0.001,2
440.0,40.0,16.0,16.0,20.0,2
164.0,244.0,8.0,497.0,103.0,2
7.7,80.1,22.2,114.8,0.4,2
1.3802,6.1511,9.2081,76.6277,6.6329,2
20.0,31.0,1.0,44.0,4.0,2
11.6,68.0,16.5,119.0,0.8,2
8.0,1.0,0.0001,60.0,0.0001,2
26.5,298.0,0.0,69.3,8.6,2
8.0,260.9,59.8,354.8,0.6,2
45.0,63.0,1.0,129.0,20.0,2
19.3,103.0,159.0,19.0,0.6,2
12.0,338.0,95.0,550.0,0.0,2
0.0001,3.4,0.0001,54.0,0.0001,2
3.3,86.7,23.3,106.1,0.0,2
18.0,135.0,208.0,59.0,0.0,2
181.0,316.0,2.0,593.0,115.0,2
457.0,79.0,54.0,190.0,2.4,2
113.0,140.0,28.0,405.0,111.0,2
220.0,340.0,42.0,480.0,14.0,2
7.8,87.3,20.2,110.7,0.5,2
130.0,270.0,67.0,500.0,3.0,2
228.0,380.0,82.0,1012.0,19.0,2
28.0,62.0,16.0,76.0,0.001,2
51.0,71.0,15.0,87.0,0.0,2
20.07,31.02,3.83,43.8,1.28,2
91.0,704.0,212.0,864.0,0.0,2
90.0,160.0,29.0,330.0,54.0,2
30.32,304.5,65.82,418.06,0.95,2
3.6,107.3,30.2,131.8,0.0,2
4.4,100.5,33.5,132.3,0.0,2
15.9,81.3,14.8,114.2,0.0,2
0.0001,0.0001,0.0001,142.0,0.0001,2
2.1,124.4,39.4,134.3,0.0,2
46.0,147.0,27.0,150.0,0.0001,2
3.5,84.3,27.7,122.0,0.4,2
65.0,34.0,16.0,112.0,0.0001,2
5.3,86.4,21.3,108.6,0.0,2
131.0,253.0,97.0,357.0,2.4,2
179.0,306.0,73.0,579.0,0.001,2
30.0,51.0,12.0,54.0,0.001,2
20.2,69.7,18.0,122.5,0.7,2
0.001,106.0,170.0,871.0,6.0,2
11.0,111.0,4.0,29.0,9.0,2
173.0,334.0,38.0,812.0,173.0,2
8.0,73.4,19.7,106.6,0.4,2
172.9,334.0,172.0,812.5,37.7,2
16.746,16.5319,6.8744,57.3739,2.4738,2
2.5,113.3,33.1,115.1,0.0,2
2.1,102.9,41.7,143.7,0.0,2
7.8,111.0,129.0,701.0,2.8,2
65.0,61.0,3.0,143.0,16.0,2
14.02,386.93,97.11,562.8,0.0,2
20.0,19.0,45.0,77.0,0.001,2
37.07,203.9,73.77,288.86,0.0,2
54.3,379.3,183.2,563.3,1.4,2
63.0,149.6,57.5,276.0,0.0001,2
58.0,103.0,251.0,51.0,6.0,2
0.0,260.0,160.0,800.0,0.0,2
10.0,115.0,5.0,31.0,10.0,2
67.0,685.0,219.0,824.0,0.0,2
86.0,110.0,7.0,92.0,18.0,2
15.0,383.0,105.0,571.0,0.0,2
78.0,161.0,10.0,353.0,86.0,2
2.9,85.3,20.2,90.3,0.0,2
19.2,77.1,12.6,96.6,0.0,2
25.67,145.84,22.31,206.03,1.49,2
7.0,81.0,5.0,351.0,47.0,2
107.0,143.0,2.0,222.0,34.0,2
86.0,480.0,155.0,644.0,9.0,2
10.0,4.0,1.0,87.0,0.001,2
55.4,362.4,163.4,518.9,1.9,2
172.9,334.1,172.9,812.5,37.7,2
33.0,79.0,5.0,215.0,30.0,2
35.0,29.0,7.0,78.0,0.0001,2
60.0,144.0,9.0,449.0,67.0,2
11.0,13.0,2.0,127.0,0.001,2
36.2,12.6,4.4,15.5,0.0,2
1.0,16.0,1.0,70.0,12.0,2
240.0,676.0,200.0,818.0,4.0,2
55.3,399.4,203.7,610.8,1.7,2
52.1622,304.1915,159.3401,479.9918,2.4418,2
31.25,291.11,87.26,364.74,2.52,2
88.0,660.0,183.0,866.0,0.0,2
31.7,40.3,8.7,107.0,4.5,2
15.0,97.0,3.0,23.0,6.0,2
9.5,78.1,18.0,102.3,0.0,2
135.0,466.0,9.0,502.0,70.0,2
173.0,334.0,38.0,813.0,172.0,2
280.0,27.0,30.0,52.0,58.0,2
35.35,151.63,32.92,199.76,0.63,2
56.0,144.0,2.0,164.0,36.0,2
28.0,145.7,113.1,436.2,0.0,2
21.0,42.0,4.0,92.0,0.0001,2
87.0,500.0,26.0,520.0,9.0,2
117.0,325.0,105.0,372.0,0.0,2
30.0,25.5,31.5,93.0,1.8,2
135.0,466.0,70.0,502.0,9.0,2
30.61,68.06,23.73,168.39,0.5,2
5.3,108.1,34.2,133.4,0.0,2
117.0,257.0,92.0,468.0,4.0,2
20.0,48.0,36.0,186.0,0.0001,2
1.5,81.6,24.4,100.5,0.0,2
53.0,189.0,25.0,295.0,5.0,2
20.0,26.0,6.0,55.0,0.0001,2
28.0,62.0,16.0,76.0,0.0001,2
38.78,299.9,71.78,369.5,1.44,2
10.0,4.0,3.0,33.0,6.0,2
18.0,250.4,172.8,707.9,0.0,2
56.0,286.0,96.0,928.0,7.0,2
23.0,83.7,15.4,115.7,0.0,2
15.3,344.97,128.91,564.08,0.0,2
73.0,520.0,6.0,120.0,140.0,2
131.0,253.0,2.0,357.0,97.0,2
19.0,18.0,1.0,55.0,7.0,2
56.6,366.5,161.5,519.3,1.4,2
74.0,70.0,29.0,147.0,0.0,2
53.3,352.2,173.5,525.0,1.5,2
13.87,339.34,128.22,554.52,0.0,2
39.0,7.0,12.0,65.0,0.0001,2
69.0,212.0,4.0,692.0,135.0,2
11.8,71.3,13.0,118.1,0.3,2
3.9,112.2,37.5,140.3,0.0,2
74.0,187.0,2.0,388.0,26.0,2
45.91,403.6,106.19,640.01,0.0,2
27.0,51.0,0.0001,153.0,0.0001,2
11.0,22.0,2.0,53.0,11.0,2
55.0,159.0,114.0,493.0,0.001,2
0.001,3.4,0.001,54.0,0.001,2
7.4,89.3,23.4,124.3,0.4,2
95.42,108.13,29.2,193.42,0.0,2
6.3,119.1,37.9,148.6,0.0,2
36.0,30.0,10.0,93.0,7.1,2
16.0,237.0,0.0,470.0,92.0,2
43.6,104.2,36.9,177.6,0.0,2
108.0,205.0,52.0,234.0,0.0,2
22.0,443.0,110.0,745.0,0.0,2
58.0,103.0,6.0,251.0,51.0,2
69.0,212.0,135.0,692.0,3.9,2
17.0,21.0,11.0,145.0,4.1,2
6.17,116.06,488.86,92.57,0.0,2
16.2,95.9,43.3,172.5,0.5,2
69.0,670.0,229.0,811.0,0.0,2
1.0,8.0,8.0,100.0,6.0,2
37.25,155.4,44.75,224.9,1.11,2
7.0,31.0,23.0,148.0,0.001,2
10.0,52.0,40.0,280.0,2.2,2
23.0,592.0,0.0,275.0,75.0,2
0.0001,106.0,170.0,871.0,6.0,2
4.4,105.1,34.3,125.1,0.0,2
8.0,88.0,45.0,252.0,0.0001,2
10.0,298.0,107.0,560.0,0.0,2
8.0,316.0,21.0,21.0,5.0,2
170.0,330.0,77.0,430.0,13.0,2
2.5,92.7,24.5,105.2,0.0,2
318.0,57.0,42.0,219.0,0.0,2
15.9445,30.0131,4.9709,48.7713,0.3001,2
95.0,672.0,199.0,806.0,0.0,2
22.4,22.4,2.69,13.44,1.57,2
117.0,167.0,7.0,481.0,48.0,2
29.6,281.1,71.9,400.1,2.2,2
18.32,315.17,58.34,387.33,0.0,2
13.0,105.0,4.0,27.0,8.0,2
86.0,277.0,63.0,338.0,0.001,2
63.3,58.1,8.7,60.1,0.0,2
181.0,316.0,115.0,593.0,2.0,2
18.95,46.97,6.94,61.54,0.0,2
24.0,20.0,4.0,87.0,0.0001,2
12.0,270.0,0.0001,275.0,0.0001,2
50.9,368.5,188.3,570.4,1.4,2
210.0,540.0,250.0,900.0,2.2,2
8.0,88.0,45.0,252.0,0.001,2
16.0,87.0,30.0,395.0,75.0,2
274.0,376.0,55.0,1002.0,17.0,2
20.0,26.0,6.0,55.0,0.001,2
38.0,872.0,340.0,1004.0,0.0,2
52.0545,302.5754,156.7333,472.8305,2.4058,2
6.7,10.0,11.0,71.0,3.9,2
130.0,440.0,180.0,730.0,0.0,2
143.0,305.0,2.0,721.0,78.0,2
62.5,355.1,164.1,510.3,1.8,2
137.0,279.0,66.0,505.0,0.0001,2
26.1,162.0,53.3,209.0,1.12,2
6.8,82.2,21.6,111.9,0.0,2
15.8933,21.8097,3.1903,58.1206,0.9861,2
1.5,120.5,41.7,148.0,0.0,2
274.0,376.0,17.0,1002.0,55.0,2
3.7,94.9,22.3,107.4,0.2,2
4.0,2.0,1.0,63.0,0.001,2
42.0,98.0,156.0,610.0,0.0,2
33.0,79.0,30.0,215.0,5.0,2
164.0,244.0,103.0,497.0,8.3,2
114.0,241.0,80.0,574.0,0.001,2
2.5,73.8,24.0,85.2,0.0,2
2.4,92.1,26.6,109.1,0.0,2
2.7,83.6,26.8,121.6,0.0,2
135.88,362.42,125.22,826.65,3.74,2
45.0,168.0,82.0,330.0,3.1,2
19.9,61.5,27.1,114.7,0.0,2
114.0,241.0,80.0,574.0,0.0001,2
24.06,255.07,59.11,341.94,0.72,2
44.6,63.2,20.1,129.0,0.66,2
170.0,300.0,44.0,580.0,8.9,2
341.0,5.0,31.0,51.0,64.0,2
38.07,295.58,86.41,403.64,2.67,2
70.7,403.3,218.9,664.5,1.7,2
56.0,285.0,96.0,28.0,7.0,2
99.0,288.0,73.0,386.0,0.001,2
55.0,102.0,2.0,246.0,18.0,2
110.0,350.0,118.0,433.0,0.0,2
56.0,100.0,51.0,153.0,2.3,2
376.0,575.0,146.0,1092.0,0.001,2
36.14,285.52,88.27,455.84,1.8,2
30.2,144.8,57.3,196.2,1.26,2
45.33,352.5,96.58,568.7,1.803,2
5.0,270.0,91.0,485.0,0.0,2
6.5,83.4,20.6,106.5,0.0,2
7.0,72.6,17.3,98.3,0.5,2
39.8,125.0,112.0,380.0,0.0,2
58.13,233.7,80.1,291.63,0.0,2
206.0,198.9,74.0,612.7,15.1,2
67.0,386.0,122.0,405.0,0.0,2
19.8,92.0,16.6,132.7,0.3,2
29.33,313.0,117.7,522.26,1.45,2
6.9,80.6,47.4,351.0,4.9,2
9.25,96.88,446.52,84.25,0.0,2
32.0,60.6,34.5,151.3,0.0,2
240.0,28.0,6.0,26.0,85.0,2
56.0,144.0,36.0,164.0,1.8,2
51.0,589.0,190.0,685.0,0.0,2
35.0,30.0,10.0,93.0,7.1,2
12.0,32.0,1.0,8.0,81.0,2
46.0,147.0,27.0,150.0,0.001,2
0.0001,153.0,130.0,677.0,13.0,2
35.0,29.0,7.0,78.0,0.001,2
36.0,30.0,93.0,10.0,7.1,2
10.5,68.4,16.5,122.8,0.9,2
35.1,50.6,16.1,93.0,1.1,2
172.9,334.0,172.9,812.5,37.7,2
221.0,440.0,94.6,610.5,3.7,2
3.1,107.8,32.7,124.8,0.0,2
5.7,127.5,42.3,164.7,0.0,2
14.0,322.0,85.0,474.0,0.0,2
5.5,70.6,18.4,99.0,0.5,2
15.8,82.7,14.5,127.7,0.3,2
2.6,84.1,26.9,107.3,0.0,2
70.4,69.5,28.9,241.2,0.4,2
32.0,40.0,32.0,40.0,32.0,2
86.0,110.0,18.0,92.0,7.4,2
79.0,131.0,60.0,225.0,0.0,2
32.0,106.0,9.0,39.0,15.0,2
79.8,340.5,170.5,528.2,2.3,2
170.0,320.0,3.0,520.0,53.0,2
82.0,161.0,406.0,79.0,8.9,2
86.0,170.7,67.6,326.6,0.93,2
1.4,126.5,35.5,127.7,0.0,2
18.89,258.64,99.89,421.6,0.97,2
54.9,307.4,146.2,447.0,2.1,2
82.31,91.2,29.87,199.02,3.45,2
100.0,200.0,110.0,670.0,11.0,2
206.0,51.0,23.0,48.0,45.0,2
163.0,326.0,107.0,414.0,0.0,2
27.16,306.57,64.28,434.12,1.43,2
7.0,32.0,11.0,5.0,141.0,2
24.0,20.0,4.0,87.0,0.001,2
113.0,140.0,111.0,405.0,28.4,2
62.0,112.0,36.0,148.0,0.0,2
35.1,148.1,32.69,210.96,0.72,2
21.0,79.0,13.0,419.0,0.0,2
6.0,83.9,22.5,120.2,0.0,2
16.5,89.2,14.6,118.1,0.0,2
119.0,78.0,16.0,43.0,30.0,2
9.0,47.0,144.0,628.0,0.0001,2
38.66,143.45,40.78,195.29,0.72,2
130.0,270.0,3.0,500.0,67.0,2
14.7,610.0,151.0,917.0,0.0,2
72.0,733.0,229.0,877.0,0.0,2
68.0,78.0,103.0,136.0,0.001,2
38.21,142.0,44.51,211.11,0.0,2
37.71,332.68,122.73,538.75,1.45,2
53.0,150.0,64.0,379.0,0.0001,2
44.6,223.3,93.0,349.0,0.0,2
59.8,353.9,178.5,555.0,1.7,2
1.1,104.9,38.0,133.8,0.0,2
105.0,169.4,59.1,347.6,1.8,2
55.5,340.7,160.7,501.5,2.2,2
5.2,71.3,18.8,103.2,0.4,2
15.0,365.0,97.0,585.0,0.0,2
416.0,695.0,0.0,867.0,74.0,2
2.1,121.4,40.7,143.8,0.0,2
3.9,131.4,41.9,164.3,0.0,2
3.3,87.6,22.2,101.8,0.0,2
3.7,88.2,23.6,113.3,0.4,2
18.6139,17.9724,6.6865,55.3628,1.3644,2
80.0,318.7,152.0,469.1,2.0,2
68.0,99.2,35.9,202.9,0.0001,2
4.6875,10.8259,17.5223,66.9643,0.0,2
81.0,130.0,230.0,74.0,2.9,2
50.6,157.63,28.94,175.62,0.0,2
13.0,356.0,109.0,591.0,0.0,2
27.0,51.0,0.001,153.0,0.001,2
56.0,286.0,96.0,28.0,7.0,2
17.0,40.0,11.0,86.0,0.0001,2
50.0,90.0,260.0,18.0,5.9,2
16.0,24.0,1.0,49.0,10.0,2
27.22,451.67,109.41,637.37,0.0,2
18.0,35.0,2.0,110.0,0.001,2
58.0,103.0,51.0,251.0,6.0,2
41.09,257.29,68.75,318.59,4.17,2
2.5,70.3,12.4,89.8,0.0,2
77.0,406.0,59.0,819.0,0.0,2
11.4,69.9,26.2,114.4,0.7,2
0.001,153.0,130.0,677.0,13.0,2
16.0,237.0,470.0,92.0,0.0,2
39.6,171.72,45.81,233.98,0.83,2
60.0,144.0,67.0,449.0,9.0,2
170.0,330.0,430.0,77.0,13.0,2
3.7648,26.8179,7.2202,61.8876,0.3094,2
21.0,20.0,2.0,61.0,8.0,2
17.0,50.6,10.1,3.6,0.0,2
8.5,79.3,20.3,108.6,0.5,2
94.0,195.0,14.0,153.0,15.0,2
56.0,286.0,7.0,928.0,96.0,2
55.8,341.1,161.6,502.6,2.0,2
18.0,113.0,76.0,294.0,0.0,2
31.18,150.41,49.55,207.82,1.43,2
14.7,63.0,14.7,105.0,0.4,2
378.0,12.0,5.0,6.0,15.0,2
34.48,269.3,74.96,387.32,1.44,2
27.4,63.2,32.7,137.8,0.52,2
8.4,28.7,13.0,105.0,2.1,2
5.0,120.6,45.9,155.1,0.0,2
107.0,143.0,34.0,222.0,2.0,2
21.0,42.0,4.0,92.0,0.001,2
88.0,86.0,32.0,163.0,0.0,2
9.57,59.38,22.19,77.58,0.0,2
165.62,240.95,61.32,514.53,13.53,2
20.6,19.89,7.4,61.27,1.51,2
376.0,575.0,146.0,1092.0,0.0001,2
143.0,305.0,78.0,721.0,2.0,2
18.0,35.0,2.0,110.0,0.0001,2
90.0,149.0,19.0,486.0,32.0,2
121.0,450.0,146.0,898.0,116.0,2
135.65,278.53,58.86,492.0,2.95,2
720.0,7.0,0.0001,15.0,101.0,3
595.0,32.0,4.0,18.0,65.0,3
68.0,8.0,3.0,8.0,11.0,3
60.0,10.0,4.0,4.0,4.0,3
59.0,10.4,4.0,10.0,12.7,3
55.0,48.0,6.0,71.0,13.0,3
118.0,3.0,1.0,3.4,4.3,3
57.0,24.0,2.0,27.0,30.0,3
111.0,2.8,47.0,0.001,27.5,3
254.0,5.2,0.0001,9.3,88.0,3
30.1,17.1,2.2,5.5,30.1,3
60.0,71.0,90.0,40.0,10.0,3
205.0,20.0,8.0,0.001,6.0,3
385.0,28.8,50.0,82.3,171.0,3
30.1,17.1,2.2,5.5,5.2,3
29.0,26.3,1.8,27.0,82.4,3
62.0,3.0,1.0,4.0,26.0,3
6.0,0.5,0.29,1.87,7.42,3
67.8,8.89,1.88,12.67,36.2,3
46.0,22.0,15.0,31.0,52.0,3
60.0,10.0,0.0001,11.0,39.0,3
290.0,110.0,6.8,47.0,90.0,3
97.81,15.87,2.71,8.1,24.36,3
119.0,8.0,20.0,0.001,21.0,3
420.0,200.0,14.0,230.0,180.0,3
9.0,3.9,0.8,4.0,13.0,3
75.0,33.0,12.0,15.0,16.0,3
14.9,11.8,4.2,1.4,1.6,3
18.648,18.005,6.6987,55.463,1.1858,3
137.0,6.0,11.4,6.4,16.5,3
4.0,1.0,2.0,7.0,52.0,3
137.0,33.0,8.0,29.0,111.0,3
289.0,13.4,18.2,49.8,36.3,3
121.0,21.0,11.0,32.0,45.0,3
169.0,38.0,48.5,6.5,5.8,3
39.4,6.7,1.5,10.5,4.8,3
65.2,20.0,3.9,8.13,25.1,3
138.8,52.2,6.77,62.8,9.55,3
27.0,16.0,23.0,127.0,98.0,3
95.0,10.0,0.0,11.0,39.0,3
150.0,27.0,3.6,63.0,90.0,3
716.0,7.1,33.0,20.0,6.8,3
54.0,7.0,7.4,8.6,5.4,3
720.0,7.0,0.001,15.0,101.0,3
283.0,18.0,6.0,14.0,36.0,3
102.0,6.0,6.0,7.0,10.0,3
44.9775,11.0945,12.7436,2.6987,28.4858,3
212.0,38.0,15.0,47.0,78.0,3
565.0,53.0,34.0,47.0,0.001,3
15.0,15.0,4.0,17.0,22.0,3
13.0,4.0,3.0,2.0,52.0,3
345.0,112.25,27.5,51.5,58.75,3
124.0,14.0,4.0,0.0001,13.0,3
89.9942,5.3479,1.9551,2.7027,0.0,3
31.0,6.6,4.7,19.0,67.0,3
101.72,27.65,7.13,16.92,53.87,3
254.0,5.2,0.001,9.3,88.0,3
20.0,1.0,4.0,11.0,44.0,3
56.0,61.0,75.0,32.0,31.0,3
9.0,8.4,3.7,30.0,5.0,3
57.98,18.87,4.62,8.66,9.87,3
95.0,10.0,0.0001,11.0,39.0,3
84.333,8.0593,7.2211,0.3869,0.0,3
34.6084,18.2149,14.3898,17.3042,15.4827,3
37.0,6.8,5.7,0.6,0.3,3
126.0,251.0,106.0,180.0,26.0,3
143.0,5.8,16.0,10.6,26.3,3
205.0,20.0,8.0,0.0001,6.0,3
43.0,13.0,20.0,101.0,97.0,3
550.0,53.0,34.0,20.0,0.0,3
274.0,23.0,34.0,36.0,66.0,3
349.2,42.4,4.8,62.4,177.5,3
8.0,0.0001,0.0001,43.0,101.0,3
55.0,32.0,11.0,12.0,42.0,3
240.0,20.0,5.0,28.0,96.0,3
16.0,7.0,9.0,23.0,78.0,3
418.0,56.0,21.0,14.0,96.0,3
35.2,2.6,1.9,5.3,18.3,3
5.26,0.0001,0.0001,28.2,66.4,3
51.1,7.1,1.7,5.9,9.2,3
174.0,27.0,6.0,12.0,29.0,3
186.0,38.3,13.0,37.0,85.9,3
153.0,18.0,9.0,0.0001,11.0,3
33.0,15.2,2.5,4.0,14.0,3
83.714,8.067,5.175,3.0441,0.0,3
8.0,0.0,0.0,43.0,101.0,3
345.0,112.3,27.5,51.5,58.8,3
126.0,5.0,1.0,6.0,24.0,3
132.92,32.82,7.64,19.4,40.36,3
650.0,53.0,34.0,20.0,0.0,3
44.482,50.357,4.616,0.0,0.5455,3
78.0,161.0,86.0,353.0,10.0,3
24.2,3.2,3.7,16.6,101.0,3
200.0,50.0,40.0,50.0,6.0,3
78.0,44.0,59.0,42.0,29.0,3
24.32,16.36,1.67,30.18,27.47,3
66.0,8.27,8.21,9.21,8.21,3
380.0,9.7,3.1,2.4,0.5,3
10.0,4.0,2.0,9.0,36.0,3
45.2,3.6,2.9,8.3,18.3,3
16.0,5.0,4.0,17.0,56.0,3
115.9,75.0,14.7,25.3,6.8,3
160.0,10.0,3.0,1.0,1.0,3
119.0,8.0,23.3,7.9,12.3,3
476.0,28.0,27.0,36.0,148.0,3
34.4,21.9,3.2,45.0,19.6,3
30.0,62.0,60.0,460.0,3.4,3
163.0,26.0,7.0,19.0,133.0,3
56.0,334.1,75.0,32.0,31.0,3
80.0,233.0,134.0,218.0,43.0,3
142.0,17.0,4.0,7.0,38.0,3
980.0,73.0,58.0,12.0,0.0,3
170.0,24.0,7.0,17.0,54.0,3
256.0,8.0,37.4,15.0,21.1,3
208.0,7.6,27.5,9.7,14.4,3
266.0,30.2,4.9,26.2,60.2,3
31.8,25.0,8.2,12.9,5.7,3
307.0,22.0,2.0,33.0,109.0,3
119.0,8.0,20.0,0.0001,21.0,3
63.6,44.3,10.2,30.3,10.7,3
73.0,17.0,104.0,21.0,25.0,3
12.0,6.0,5.0,5.0,45.0,3
135.0,27.0,24.0,9.0,13.0,3
274.0,27.0,5.0,33.0,97.0,3
179.0,29.0,10.0,17.0,33.0,3
170.0,271.0,141.0,231.0,39.0,3
22.5,8.5,1.2,7.3,8.4,3
120.0,25.0,1.0,8.0,40.0,3
100.0,94.0,22.0,304.0,118.0,3
75.0,32.0,7.5,23.0,3.4,3
45.0,15.0,1.0,19.0,18.0,3
12.0,14.6,7.2,14.4,0.98,3
106.0,24.0,4.0,28.0,37.0,3
153.0,18.0,9.0,0.001,11.0,3
95.0,10.0,0.001,11.0,39.0,3
225.0,4.7,0.001,8.7,89.0,3
46.7,8.2,1.8,5.1,4.1,3
96.0,13.7,3.8,35.6,5.4,3
11.9,12.4,5.9,13.6,1.03,3
115.0,25.5,110.0,12.2,8.6,3
61.3944,10.8221,4.1623,10.4058,13.2154,3
10.0,7.0,5.0,5.0,53.0,3
345.0,112.0,28.0,52.0,59.0,3
225.0,4.7,0.0001,8.7,89.0,3
12.0,6.0,5.0,16.0,51.0,3
14.2,4.0,1.4,1.5,9.51,3
53.9,8.3,1.1,6.0,7.1,3
19.0,10.0,7.9,9.5,8.5,3
80.0,20.0,6.0,20.0,62.0,3
14.1,4.0,1.3,1.5,9.5,3
39.3,37.1,11.6,77.4,9.3,3
4.1,3.5,0.68,1.2,5.2,3
23.0,63.0,54.0,10.0,0.3,3
11.0,271.0,465.0,32.0,0.001,4
56.0,78.0,18.0,21.0,0.0,4
23.51,61.33,45.21,98.03,0.77,4
6.14,51.78,21.14,6.82,0.12,4
21.0,14.0,191.0,90.0,0.001,4
78.0,66.0,283.0,2.6,0.001,4
19.0,62.0,95.0,5.0,0.0001,4
46.0,98.0,41.3,26.3,0.0,4
27.0,30.0,23.0,2.4,0.1,4
113.0,137.0,173.0,34.0,0.0001,4
27.0,28.0,136.0,8.0,0.001,4
111.0,67.0,105.0,9.0,0.001,4
11.0,31.0,26.0,52.0,0.0,4
9.0,38.0,93.0,8.0,0.0001,4
74.8,30.1,82.3,13.6,0.0001,4
16.0,68.0,157.0,19.0,0.0001,4
74.0,173.0,263.0,33.0,0.001,4
320.0,131.0,187.0,127.0,0.0001,4
27.0,28.0,136.0,8.0,0.0001,4
10.0,26.0,147.0,6.0,0.001,4
159.8,438.7,312.4,644.6,0.38,4
0.0001,224.0,0.0001,45.0,0.0001,4
95.0,110.0,160.0,50.0,0.001,4
14.0,44.0,124.0,7.0,1.0,4
6.0,38.0,93.0,32.0,0.001,4
0.001,43.0,146.0,9.0,0.001,4
34.0,8.6,70.3,3.1,0.0001,4
15.33,22.18,17.78,44.71,0.0,4
32.7586,44.2529,10.9195,12.069,0.0,4
160.0,130.0,33.0,96.0,0.0,4
15.21,61.25,53.94,81.83,0.0,4
66.0,201.5,220.0,99.8,0.0,4
6.0,3.0,0.8,0.7,0.0001,4
55.0,22.0,0.5,2.6,0.0001,4
44.2,101.0,13.0,11.8,0.45,4
57.0,77.0,19.0,21.0,0.0,4
0.001,153.0,395.0,11.7,0.001,4
33.5617,33.5617,9.2295,23.4932,0.1538,4
16.0,105.0,224.0,15.0,0.0001,4
166.6,28.3,6.72,12.4,0.3,4
92.0,27.0,67.0,7.0,0.0001,4
160.0,130.0,33.0,96.0,0.0001,4
45.0,125.0,111.0,25.0,0.001,4
12.0,28.0,102.0,3.0,0.0001,4
7.46,9.4,8.48,15.47,0.11,4
87.2,73.18,27.14,56.88,0.0001,4
128.0,419.0,269.4,614.1,0.35,4
18.0,30.0,146.0,8.0,0.0001,4
27.4,63.2,32.7,37.8,0.2,4
17.0,21.0,118.0,0.001,4.0,4
83.0,35.0,4.9,86.0,5.1,4
0.98,43.83,26.8,28.39,0.0,4
74.0,100.0,85.0,17.0,0.001,4
18.6,78.4,31.2,21.5,2.9,4
320.0,131.0,187.0,127.0,0.001,4
54.9,8.8,80.0,2.5,0.001,4
13.1,44.7,91.5,213.3,4.2,4
166.6,28.31,6.72,12.4,0.3,4
69.0,174.0,267.0,15.0,0.0001,4
121.0,73.0,179.0,11.0,0.001,4
13.0,138.0,83.0,16.0,0.0001,4
36.0,21.0,65.0,2.0,0.0001,4
19.0,48.0,76.0,18.0,0.0001,4
160.0,130.0,33.0,96.0,0.001,4
54.9,8.8,80.0,2.5,0.0001,4
29.0,71.0,158.0,20.0,0.001,4
16.0,105.0,224.0,15.0,0.001,4
157.0,46.0,76.0,12.0,0.0001,4
74.8,30.1,82.3,13.6,0.001,4
50.0,3.0,1.0,0.0001,0.0001,4
115.0,129.0,316.0,36.0,0.0001,4
6.0,197.0,476.9,16.9,0.001,4
18.0,20.0,6.0,12.0,2.0,4
27.0,90.0,42.0,73.0,0.2,4
6.0,197.0,476.9,16.9,0.0001,4
36.0,21.0,65.0,2.0,0.001,4
130.0,140.0,2.0,120.0,0.001,4
38.0,38.0,296.0,14.0,0.0001,4
37.0,123.0,67.0,52.0,0.0001,4
15.0,7.0,92.0,5.0,0.001,4
10.0,24.0,80.0,5.0,0.001,4
42.0,124.0,1.0,8.0,0.001,4
79.0,40.0,264.0,10.0,0.001,4
16.4,45.5,68.7,3.8,0.0001,4
26.7,90.6,49.2,95.0,0.5,4
4.9,21.0,15.0,69.3,3.8,4
9.0,16.7,9.9,85.3,3.4,4
72.0,442.0,221.0,461.0,0.7,4
55.0,22.0,358.0,2.6,0.0001,4
36.0,167.0,230.0,18.0,0.0001,4
112.0,68.0,136.0,9.0,0.0001,4
45.0,125.0,111.0,25.0,0.0001,4
14.0,62.0,16.0,3.0,0.0001,4
10.0,26.0,147.0,6.0,0.0001,4
14.0,14.0,124.0,7.0,1.0,4
0.0001,43.0,146.0,9.0,0.0001,4
93.5,131.9,39.0,11.7,0.0001,4
13.0,138.0,83.0,16.0,0.001,4
128.0,35.0,213.0,17.0,0.0001,4
70.1,278.0,244.8,635.8,12.2,4
219.0,44.0,3.0,3.0,0.0001,4
78.0,66.0,283.0,2.6,0.0001,4
29.9,34.6,5.6,70.0,1.2,4
29.0,71.0,158.0,20.0,0.0001,4
12.0,28.0,102.0,3.0,0.001,4
13.0,59.0,117.0,44.0,0.001,4
93.0,58.0,43.0,37.0,0.0,4
24.0,109.0,69.0,0.001,0.001,4
43.0,28.0,72.0,9.0,0.0001,4
16.0,68.0,157.0,19.0,0.001,4
9.0,38.0,93.0,8.0,0.001,4
18.0,82.8,4.3,3.1,0.0,4
37.0,47.0,10.0,5.5,0.0001,4
122.0,161.0,271.0,35.0,0.001,4
12.0,290.0,144.0,355.0,0.0,4
66.0,60.0,2.0,7.0,0.0001,4
187.0,86.0,155.0,21.0,6.0,4
40.2597,25.1082,18.6147,16.0173,0.0,4
10.0,44.0,106.0,28.0,0.0001,4
7.8105,30.4018,17.3722,43.3893,1.0262,4
10.0,63.0,176.0,35.0,0.001,4
124.0,166.0,87.0,59.0,0.0001,4
5.5,9.2,7.7,2.0,0.0,4
140.0,173.0,45.0,17.0,0.0,4
5.5,9.6,3.9,50.0,1.5,4
161.0,38.0,210.0,13.0,0.001,4
21.8,120.7,86.6,42.1,0.9,4
230.0,572.4,343.0,768.9,0.51,4
24.0,109.0,69.0,0.0001,0.0001,4
124.0,166.0,87.0,59.0,0.001,4
93.5,131.9,39.0,11.7,0.001,4
10.0,63.0,176.0,35.0,0.0001,4
7.0,15.0,78.0,58.0,0.0001,4
10.0,56.0,72.0,70.0,0.0001,4
29.9,24.1,34.3,92.5,0.6,4
43.0,28.0,72.0,9.0,0.001,4
0.001,116.0,70.0,0.001,0.001,4
148.7,247.5,178.7,192.2,0.9,4
11.0,46.0,155.0,18.0,0.0001,4
24.0,47.0,113.0,10.0,0.0001,4
31.2,8.9,119.0,4.4,0.001,4
181.0,262.0,210.0,528.0,0.0,4
247.7,148.7,78.7,192.7,0.9,4
113.0,137.0,173.0,34.0,0.001,4
23.0,11.8,3.0,0.6,0.0,4
1.0,27.0,49.0,4.0,1.0,4
130.0,140.0,24.0,120.0,0.0001,4
16.0,80.0,134.0,10.0,0.001,4
120.0,120.0,33.0,84.0,0.55,4
505.57,475.35,242.3,524.45,3.29,4
7.0,15.0,78.0,58.0,0.001,4
5.0,14.0,234.0,5.0,0.001,4
13.2,18.7,97.4,79.5,4.7,4
86.0,8.0,2.5,2.5,0.0001,4
78.0,66.0,62.0,2.6,0.0001,4
79.0,40.0,264.0,10.0,0.0001,4
181.0,262.0,41.0,28.0,0.001,4
69.0,174.0,267.0,15.0,0.001,4
36.0,167.0,230.0,18.0,0.001,4
9.0,56.0,135.0,7.0,1.0,4
139.0,714.0,351.0,634.0,0.0,4
181.0,262.0,41.0,28.0,0.0,4
85.0,98.0,315.0,30.0,0.0001,4
10.0,56.0,72.0,70.0,0.001,4
130.0,140.0,2.0,120.0,0.0001,4
24.7,20.4,117.0,71.0,6.8,4
23.0,6.0,172.0,23.0,31.0,4
25.0,29.0,137.0,8.0,0.0001,4
143.2,123.0,38.0,75.0,0.0001,4
0.0001,33.7,136.0,11.4,0.0001,4
181.0,262.0,41.0,28.0,0.0001,4
8.0,16.0,88.0,7.0,0.001,4
181.0,162.0,70.0,132.0,0.0001,4
259.0,863.0,393.0,994.0,6.0,4
13.0,59.0,117.0,44.0,0.0001,4
16.0,68.0,124.0,15.0,0.0001,4
15.0,7.0,92.0,5.0,0.0001,4
27.0,49.0,192.0,9.0,0.001,4
20.0,132.0,61.0,17.0,0.001,4
170.0,320.0,53.0,520.0,3.2,4
21.0,14.0,191.0,90.0,0.0001,4
42.0,124.0,1.0,8.0,0.0001,4
12.0,18.0,4.0,4.0,0.0001,4
157.0,46.0,76.0,12.0,0.001,4
18.0,30.0,146.0,8.0,0.001,4
122.0,161.0,271.0,35.0,0.0001,4
22.1,118.9,33.5,97.3,8.0,4
137.0,97.0,12.0,29.0,1.5,4
161.0,38.0,210.0,13.0,0.0001,4
0.001,33.7,136.0,11.4,0.001,4
4.32,193.0,118.0,125.0,0.0,4
12.6,105.54,96.75,58.32,0.0,4
36.0,94.0,78.0,13.0,2.0,4
24.0,47.0,113.0,10.0,0.001,4
31.2,8.9,119.0,4.4,0.0001,4
46.9,161.6,94.1,193.0,0.56,4
19.0,62.0,95.0,5.0,0.001,4
121.0,73.0,179.0,11.0,0.0001,4
23.0,61.0,14.0,153.0,4.4,4
0.0001,116.0,70.0,0.0001,0.0001,4
0.0001,153.0,395.0,11.7,0.0001,4
10.6,218.2,110.7,303.2,0.0,5
30.4,117.0,44.2,138.0,0.1,5
9.2,171.6,102.1,226.1,0.0,5
6.0,127.9,65.5,158.9,0.0,5
9.2,151.1,94.1,202.6,0.0,5
2.1,135.2,91.8,174.1,0.0,5
119.0,670.0,286.0,934.0,19.0,5
6.6,153.3,75.5,172.5,0.1,5
4.7,146.5,89.5,177.2,0.2,5
24.0,34.6,14.2,21.7,0.0001,5
2.7,135.4,93.5,174.7,0.0,5
2.8,134.3,87.8,168.8,0.0,5
6.9,168.0,106.3,225.4,0.0,5
40.66,224.65,118.9,340.11,3.14,5
3.0,117.5,61.4,145.7,0.0,5
14.6,188.4,83.3,147.4,0.0,5
3.8,119.0,62.7,149.9,0.0,5
3.6,121.6,57.1,143.2,0.0,5
20.37,59.79,45.24,80.49,0.0001,5
4.8,146.7,91.7,187.6,0.1,5
5.4,140.7,79.1,176.4,0.0,5
59.0,119.0,36.0,70.0,0.0001,5
0.7,1.5,0.3,1.8,0.0001,5
2.0,5.0,81.0,172.0,0.001,5
14.0,15.0,42.0,73.0,0.0001,5
15.0,139.0,160.0,343.0,0.001,5
5.2,195.4,121.6,296.2,1.0,5
47.0,120.0,90.0,198.0,3.0,5
4.6,210.1,104.6,259.0,0.4,5
24.5,212.9,113.3,313.9,1.7,5
37.0,96.0,19.0,57.0,0.001,5
4.7,113.8,52.3,137.1,0.0,5
3.7,153.8,98.9,195.2,0.1,5
35.0,283.0,121.0,222.0,0.0001,5
5.1,129.3,60.8,147.6,0.0,5
13.3,173.1,87.5,215.4,0.3,5
57.0,141.0,38.0,51.0,0.001,5
109.0,102.0,28.0,91.0,0.0001,5
33.6,224.6,120.9,334.5,3.0,5
1.8,118.2,75.9,148.5,0.0,5
23.33,199.24,102.8,271.78,0.78,5
8.3824,225.9101,135.3591,324.2876,0.5071,5
24.0,78.0,266.0,779.0,7.0,5
200.0,700.0,250.0,740.0,1.0,5
6.2,135.4,72.1,165.0,0.2,5
0.001,4.9,81.0,172.0,0.001,5
4.7,117.1,62.5,147.7,0.0,5
9.0,166.3,92.0,209.1,0.0,5
26.1,224.1,115.8,320.9,1.9,5
8.3,168.7,103.5,228.5,0.0,5
54.0,143.0,23.0,101.0,0.001,5
9.1,155.0,102.3,218.6,0.1,5
4.0,137.4,68.3,149.1,0.0,5
32.2,214.5,110.6,310.8,2.3,5
14.0,15.0,42.0,73.0,0.001,5
41.0,65.0,22.0,58.0,0.0001,5
5.3,119.6,60.6,139.1,0.0,5
6.8,156.5,90.4,191.3,0.0,5
31.0,63.0,246.0,714.0,7.0,5
19.0,47.0,27.0,62.0,0.0001,5
16.0,98.0,35.0,64.0,0.001,5
111.0,559.0,243.0,707.0,0.0,5
0.0001,4.9,81.0,172.0,0.0001,5
4.4,113.2,47.4,124.8,0.0,5
2.0,123.0,7.0,18.0,0.001,5
46.9,161.6,94.1,193.6,0.56,5
0.0001,6.0,52.0,67.0,0.0001,5
2.5,136.2,89.8,170.4,0.0,5
180.0,175.0,75.0,50.0,4.0,5
18.0,63.0,20.0,51.0,0.001,5
23.51,61.33,45.21,98.03,1.01,5
5.1,112.4,52.5,134.3,0.0,5
5.6,155.8,104.2,219.6,0.2,5
18.0,63.0,20.0,51.0,0.0001,5
4.1,115.3,51.0,128.6,0.0,5
32.4,214.9,92.7,268.6,2.1,5
5.5,122.4,58.8,145.4,0.0,5
41.0,217.3,97.9,284.3,2.5,5
59.0,119.0,36.0,70.0,0.001,5
9.7,170.6,95.8,225.8,0.0,5
4.2,127.7,68.7,161.0,0.0,5
8.7,166.1,101.8,220.9,0.0,5
48.8,198.5,107.1,307.6,3.0,5
4.3,142.1,88.1,177.6,0.1,5
17.5,195.9,109.9,296.0,1.3,5
4.3,134.2,75.1,158.9,0.1,5
3.2,120.2,60.0,144.7,0.0,5
3.2,97.9,53.4,115.2,0.1,5
24.2,174.4,78.3,229.2,1.5,5
2.5,136.7,87.1,173.2,0.0,5
4.9824,206.3012,101.2695,288.5847,3.0757,5
15.9,210.4,102.0,279.8,1.1,5
26.0,398.0,85.0,319.0,0.0001,5
151.0,242.0,68.0,232.0,0.001,5
11.5,184.8,102.0,235.4,0.0,5
300.0,490.0,180.0,360.0,95.0,5
64.4,371.6,176.0,518.9,1.7,5
3.0,5.0,90.0,185.0,3.0,5
4.7,112.9,60.6,144.1,0.0,5
43.0,116.0,65.0,139.0,0.0001,5
2.0,5.0,81.0,172.0,0.0001,5
360.0,610.0,259.0,260.0,9.0,5
4.1,122.7,59.0,142.6,0.0,5
9.5,164.3,93.5,216.6,0.0,5
8.1,153.0,87.6,194.3,0.0,5
2.5,124.7,83.6,163.1,0.1,5
15.0,159.0,29.0,87.0,0.0001,5
110.6,458.8,242.6,406.4,0.0001,5
12.4,207.0,118.6,312.3,1.1,5
15.0,139.0,160.0,343.0,0.0001,5
20.0,41.9,20.2,44.2,0.38,5
4.8,115.6,52.1,141.6,0.0,5
5.2,126.8,66.4,162.6,0.0,5
93.0,58.0,37.0,43.0,0.0,5
3.5,197.3,112.4,271.7,0.2,5
34.8,212.8,106.9,306.2,2.2,5
26.0,398.0,85.0,319.0,0.001,5
17.8,209.4,113.8,302.2,0.9,5
41.0,65.0,22.0,58.0,0.001,5
160.0,130.0,33.0,96.0,0.1,5
109.0,226.0,68.0,192.0,0.0001,5
72.0,442.0,221.0,461.0,0.7,5
78.0,70.1,294.8,635.8,12.2,5
35.0,283.0,121.0,222.0,0.001,5
59.3,374.5,205.2,615.3,1.9,5
4.9,141.0,81.9,168.5,0.1,5
4.3,141.2,86.9,175.3,0.1,5
3.4,115.8,53.0,134.1,0.0,5
27.0,90.0,42.0,63.0,0.2,5
23.9,186.5,99.9,278.9,1.8,5
4.099,204.407,117.493,290.0923,0.4097,5
38.0,228.5,116.9,335.9,3.0,5
43.0,116.0,65.0,139.0,0.001,5
24.6,175.3,95.5,224.6,0.2,5
3.7,118.2,66.9,157.4,0.2,5
7.5,148.7,81.0,179.6,0.0,5
5.0,206.3,101.3,288.6,3.1,5
7.5,185.6,101.6,261.4,0.9,5
54.0,143.0,23.0,101.0,0.0001,5
3.6,118.3,73.8,147.8,0.0,5
5.7,207.0,116.7,291.1,0.6,5
36.7,207.0,107.7,312.4,2.9,5
8.1,202.3,115.4,300.7,1.1,5
4.2,122.2,65.0,154.4,0.0,5
4.4,127.5,65.9,159.2,0.0,5
4.5,144.1,100.7,193.9,0.1,5
4.9,228.9,121.3,306.5,0.0,5
9.0,139.7,80.8,180.8,0.0,5
57.0,141.0,38.0,51.0,0.0001,5
4.0,121.4,64.0,153.0,0.0,5
2.0,123.0,7.0,18.0,0.0001,5
16.0,98.0,35.0,64.0,0.0001,5
23.2,219.5,118.3,326.0,1.6,5
19.2,211.5,114.3,308.5,1.3,5
185.0,302.0,27.0,33.0,0.0001,5
5.7,125.8,64.5,155.4,0.0,5
4.9,114.6,56.0,137.5,0.0,5
109.0,226.0,68.0,192.0,0.001,5
22.2,50.7,25.1,56.9,0.0,5
62.0,425.0,276.0,651.0,26.0,5
3.4,109.2,45.9,136.5,0.0,5
5.3,209.6,125.2,305.8,0.6,5
0.001,6.0,52.0,67.0,0.001,5
88.7,460.8,94.9,184.6,18.3,5
0.67,0.224,0.045,0.067,0.002,5
3.5,117.1,60.1,141.0,0.0,5
7.8,152.4,90.0,194.1,0.0,5
31.0,56.0,33.0,77.0,0.001,5
128.0,419.0,269.5,614.1,0.35,5
13.1,200.9,99.9,275.6,1.1,5
51.7,308.2,168.3,491.6,2.3,5
25.0,49.0,42.0,58.0,0.0001,5
73.0,177.0,37.0,52.0,0.0001,5
29.2,226.4,110.3,311.3,2.1,5
152.0,32.0,28.0,55.0,0.0001,5
4.8,112.1,55.2,134.7,0.0,5
670.0,224.0,45.0,67.0,2.0,5
3.162,186.1108,91.1862,226.6299,0.3633,5
50.0,274.0,95.0,320.0,6.3,5
7.7,159.6,94.5,216.8,0.3,5
5.1,129.5,60.7,150.8,0.0,5
134.0,13.0,156.0,0.001,0.001,6
116.0,14.0,134.0,5.3,0.001,6
9.82,0.98,11.21,2.37,0.02,6
183.0,6.0,0.001,5.0,0.001,6
407.0,28.0,15.0,21.0,0.001,6
565.0,99.0,37.0,28.0,0.0,6
110.0,7.0,0.001,0.001,0.001,6
9.2,0.14,5.9,1.9,0.02,6
980.0,73.0,58.0,12.0,0.0001,6
895.0,30.0,102.0,2.0,0.0,6
797.0,5.0,4.0,6.0,5.0,6
240.0,17.0,0.0,5.0,40.0,6
106.0,4.0,2.0,1.0,0.0001,6
980.0,73.0,58.0,12.0,0.001,6
85.87,7.01,4.49,2.64,0.0001,6
88.0,9.0,0.0001,0.03,0.0001,6
485.0,35.0,29.0,6.0,0.0001,6
60.0,5.0,1.0,6.0,29.0,6
166.0,21.0,38.0,6.0,0.0001,6
109.0,4.0,11.0,9.0,0.0001,6
650.0,53.0,20.0,0.0,34.0,6
259.0,2.0,2.0,2.0,15.0,6
126.0,251.0,106.0,180.0,26.0,6
183.0,6.0,0.0001,5.0,0.0001,6
463.0,96.0,18.0,77.0,58.0,6
450.0,91.0,18.0,102.0,32.0,6
24.3,15.7,6.4,11.2,29.8,6
524.0,17.0,33.0,22.0,3.0,6
1043.0,38.0,5.0,0.7,0.0,6
1076.0,95.0,71.0,231.0,4.0,6
103.5,4.7,16.3,3.5,0.001,6
105.0,23.0,13.0,4.0,3.0,6
180.85,0.574,0.234,0.188,0.0,6
195.9,14.5,11.6,2.4,0.0001,6
150.0,11.6,50.6,29.0,1.1,6
103.5,4.7,16.3,3.5,0.0001,6
181.5,22.0,76.0,3.7,0.0001,6
650.0,53.0,35.0,20.0,0.0001,6
237.0,16.0,55.0,2.0,1.0,6
100.0,18.0,0.001,0.001,0.001,6
225.5,17.6,8.4,3.0,0.0,6
111.7,19.4,104.1,6.4,3.8,6
110.0,7.0,0.0001,0.0001,0.0001,6
480.5,37.0,30.0,6.0,0.0,6
560.0,0.0,0.6,0.7,0.0,6
295.0,22.0,26.0,6.0,0.0,6
221.0,17.0,48.0,1.0,0.0,6
654.0,55.0,34.0,20.0,0.0,6
116.0,14.0,134.0,5.3,0.0001,6
518.0,38.0,104.0,0.0,0.0,6
197.0,12.0,6.6,15.0,0.0001,6
870.0,77.0,73.0,54.0,14.0,6
101.0,8.1,0.001,3.0,0.001,6
187.0,5.0,1.0,0.001,0.001,6
180.85,0.574,0.234,0.188,0.0001,6
109.0,16.0,0.001,0.001,0.001,6
60.68,49.79,9.1,1.79,0.0,6
568.0,26.5,6.9,2.1,0.0,6
160.0,24.7,38.5,0.001,0.001,6
449.0,89.0,15.0,78.0,60.0,6
92.8,6.75,0.44,0.0001,0.0001,6
110.0,5.0,2.0,3.0,15.0,6
134.0,13.0,156.0,0.0001,0.0001,6
121.0,3.0,1.0,0.001,0.001,6
187.0,5.0,1.0,0.0001,0.0001,6
626.0,46.0,54.0,31.0,4.0,6
225.5,17.6,8.4,3.0,0.07,6
121.0,3.0,1.0,0.0001,0.0001,6
195.0,5.3,0.001,0.001,0.001,6
92.18,75.4,15.03,1.75,0.0,6
313.9,30.6,7.59,5.89,0.3,6
650.0,53.0,35.0,20.0,0.001,6
137.0,18.0,16.0,2.0,0.0,6
134.0,13.0,267.0,0.001,0.001,6
111.0,159.0,28.0,364.0,2.0,6
73.0,8.0,4.0,2.0,12.0,6
63.78,52.35,9.68,1.75,0.0,6
559.0,8.2,0.9,1.7,0.0,6
197.0,12.0,6.6,15.0,0.001,6
980.0,73.0,58.0,12.0,0.0,6
44.63,35.36,7.59,1.68,0.0,6
743.0,74.0,39.0,6.0,0.0,6
106.0,4.0,2.0,1.0,0.001,6
235.0,16.0,0.001,35.0,0.001,6
117.0,17.0,1.0,3.0,1.0,6
407.0,28.0,15.0,21.0,0.001,6
183.0,6.0,0.001,5.0,0.001,6
166.0,21.0,38.0,6.0,0.001,6
105.0,23.0,13.0,4.0,3.0,6
110.0,7.0,0.001,0.001,0.001,6
111.7,19.4,104.1,6.4,3.8,6
181.5,22.0,76.0,3.7,0.001,6
230.0,15.9,16.3,1.9,2.4,6
101.0,8.1,0.001,3.0,0.001,6
134.0,13.0,156.0,0.001,0.001,6
195.0,5.3,0.001,0.001,0.001,6
197.0,12.0,6.6,15.0,0.001,6
106.0,4.0,2.0,1.0,0.001,6
109.0,4.0,11.0,9.0,0.001,6
109.0,16.0,0.001,0.001,0.001,6
116.0,14.0,134.0,5.3,0.001,6
100.0,18.0,0.001,0.001,0.001,6
113.0,21.0,48.0,0.001,4.0,6
103.5,4.7,16.3,3.5,0.001,6
160.0,24.7,38.5,0.001,0.001,6
134.0,13.0,267.0,0.001,0.001,6
235.0,16.0,0.001,35.0,0.001,6
187.0,5.0,1.0,0.001,0.001,6
121.0,3.0,1.0,0.001,0.001,6
109.0,19.0,5.0,12.0,59.0,3
135.0,27.0,24.0,9.0,13.0,3
174.0,27.0,6.0,12.0,29.0,3
179.0,29.0,10.0,17.0,33.0,3
142.0,17.0,4.0,7.0,38.0,3
595.0,32.0,4.0,18.0,65.0,3
720.0,7.0,0.001,15.0,101.0,3
163.0,26.0,7.0,19.0,133.0,3
111.0,2.8,47.0,0.001,27.5,3
124.0,14.0,4.0,0.001,13.0,3
143.0,5.8,16.0,10.6,26.3,3
137.0,6.0,11.4,6.4,16.5,3
102.0,6.0,6.0,7.0,10.0,3
115.0,25.5,110.0,12.2,8.6,3
169.0,38.0,48.5,6.5,5.8,3
186.0,38.3,13.0,37.0,85.9,3
151.0,13.5,50.7,5.0,9.2,3
716.0,7.1,3.3,20.0,6.8,3
716.0,7.1,33.0,20.0,6.8,3
476.0,28.0,27.0,36.0,148.0,3
289.0,13.4,18.2,49.8,36.3,3
137.0,33.0,8.0,29.0,111.0,3
500.0,97.0,193.0,40.0,121.0,3
119.0,8.0,20.0,0.001,21.0,3
205.0,20.0,8.0,0.001,6.0,3
119.0,8.0,23.3,7.9,12.3,3
256.0,8.0,37.4,15.0,21.1,3
153.0,18.0,9.0,0.001,11.0,3
301.0,5.78,4.7,9.7,5.0,3
208.0,7.6,27.5,9.7,14.4,3
254.0,5.2,0.001,9.3,88.0,3
385.0,28.8,50.0,82.3,171.0,3
225.0,4.7,0.001,8.7,89.0,3
179.0,39.3,64.0,654.0,168.0,3
47.0,9.0,4.0,16.0,81.0,1
84.0,6.0,1.0,14.0,86.0,1
35.0,11.0,0.001,7.0,146.0,1
64.0,18.0,1.0,4.0,122.0,1
63.0,22.0,15.0,11.0,76.0,1
30.0,14.0,1.0,9.0,43.0,1
80.0,28.0,4.0,15.0,107.0,1
19.0,12.0,2.0,8.0,63.0,1
25.0,9.0,6.0,5.0,44.0,1
57.0,148.0,197.0,72.0,42.0,1
156.0,55.0,103.0,13.0,16.0,1
48.0,20.0,69.0,41.0,31.0,1
88.0,21.8,79.2,41.2,41.5,1
50.0,42.0,98.0,10.0,33.0,1
43.0,19.0,3.0,0.001,40.0,1
59.0,20.0,120.0,5.5,8.9,1
0.001,21.0,0.001,0.001,40.0,1
26.6,4.0,0.001,8.0,50.0,1
10.0,15.0,0.001,0.001,35.0,1
41.0,16.0,19.0,58.0,106.0,1
37.0,11.8,15.5,43.6,83.3,1
14.3,92.6,83.9,16.7,26.8,1
123.0,50.7,9.0,62.0,65.9,1
2.0,41.0,133.0,9.0,21.0,1
26.0,68.0,93.0,31.0,59.0,1
77.0,36.0,27.0,18.0,76.0,1
46.0,21.0,1.0,11.0,93.0,1
25.0,28.0,27.0,15.0,80.0,1
88.0,45.0,57.0,15.0,39.0,1
61.0,21.0,2.0,26.0,89.0,1
151.0,51.0,16.0,12.0,19.0,1
75.0,5.0,31.0,69.0,36.0,1
87.0,34.0,23.0,15.0,60.0,1
114.0,41.0,27.0,15.0,42.0,1
46.0,20.0,14.0,10.0,42.0,1
22.0,14.0,19.0,6.0,56.0,1
70.0,4.0,91.0,0.001,34.0,1
65.4,20.2,70.0,39.0,40.2,1
155.0,49.0,69.3,42.0,10.7,1
88.5,22.8,108.4,12.0,7.5,1
0.001,0.001,10.0,5.0,35.0,1
34.0,0.001,0.001,0.001,44.0,1
12.4,6.5,15.3,69.0,15.0,1
17.0,42.0,192.0,12.0,20.0,1
4.0,88.0,213.0,14.0,35.0,1
42.0,124.0,1.0,8.0,0.001,4
36.0,167.0,230.0,18.0,0.001,4
10.0,56.0,72.0,70.0,0.001,4
9.0,38.0,93.0,8.0,0.001,4
36.0,21.0,65.0,2.0,0.001,4
161.0,38.0,210.0,13.0,0.001,4
38.0,38.0,296.0,14.0,0.001,4
13.0,59.0,117.0,44.0,0.001,4
10.0,44.0,106.0,28.0,0.001,4
15.0,7.0,92.0,5.0,0.001,4
85.0,98.0,315.0,30.0,0.001,4
74.0,173.0,263.0,33.0,0.001,4
122.0,161.0,271.0,35.0,0.001,4
69.0,174.0,267.0,15.0,0.001,4
113.0,137.0,173.0,34.0,0.001,4
111.0,67.0,105.0,9.0,0.001,4
18.0,30.0,146.0,8.0,0.001,4
21.0,14.0,191.0,90.0,0.001,4
31.2,8.9,119.0,4.4,0.001,4
34.0,8.6,70.3,3.1,0.001,4
10.0,24.0,80.0,5.0,0.001,4
0.001,43.0,146.0,9.0,0.001,4
0.001,153.0,395.0,11.7,0.001,4
320.0,131.0,187.0,127.0,0.001,4
13.2,18.7,97.4,79.5,4.7,4
16.4,45.5,68.7,3.8,0.001,4
0.001,116.0,70.0,0.001,0.001,4
24.0,109.0,69.0,0.001,0.001,4
0.001,33.7,136.0,11.4,0.001,4
54.9,8.8,80.0,2.5,0.001,4
93.5,131.9,39.0,11.7,0.001,4
16.0,68.0,124.0,15.0,0.001,4
11.0,46.0,155.0,18.0,0.001,4
16.0,68.0,157.0,19.0,0.001,4
29.0,71.0,158.0,20.0,0.001,4
19.0,48.0,76.0,18.0,0.001,4
8.0,16.0,88.0,7.0,0.001,4
10.0,26.0,147.0,6.0,0.001,4
9.0,56.0,135.0,7.0,1.0,4
45.0,125.0,111.0,25.0,0.001,4
16.0,105.0,224.0,15.0,0.001,4
10.0,63.0,176.0,35.0,0.001,4
6.0,38.0,93.0,32.0,0.001,4
12.0,28.0,102.0,3.0,0.001,4
27.0,28.0,136.0,8.0,0.001,4
27.0,49.0,192.0,9.0,0.001,4
24.0,47.0,113.0,10.0,0.001,4
43.0,28.0,72.0,9.0,0.001,4
25.0,29.0,137.0,8.0,0.001,4
19.0,62.0,95.0,5.0,0.001,4
157.0,46.0,76.0,12.0,0.001,4
115.0,129.0,316.0,36.0,0.001,4
112.0,68.0,136.0,9.0,0.001,4
11.0,271.0,465.0,32.0,0.001,4
121.0,73.0,179.0,11.0,0.001,4
128.0,35.0,213.0,17.0,0.001,4
16.0,80.0,134.0,10.0,0.001,4
92.0,27.0,67.0,7.0,0.001,4
17.0,21.0,118.0,0.001,4.0,4
36.0,94.0,78.0,13.0,2.0,4
6.0,197.0,476.9,16.9,0.001,4
24.7,20.4,117.0,71.0,6.8,4
74.0,100.0,85.0,17.0,0.001,4
39.4,65.2,103.9,8.1,0.001,4
74.8,30.1,82.3,13.6,0.001,4
79.0,40.0,264.0,10.0,0.001,4
5.0,14.0,234.0,5.0,0.001,4
15.0,139.0,160.0,343.0,0.001,5
0.001,6.0,52.0,67.0,0.001,5
26.0,398.0,85.0,319.0,0.001,5
50.0,274.0,95.0,320.0,6.3,5
31.0,63.0,246.0,714.0,7.0,5
2.0,5.0,81.0,172.0,0.001,5
3.0,5.0,90.0,185.0,3.0,5
16.0,98.0,35.0,64.0,0.001,5
2.0,123.0,7.0,18.0,0.001,5
185.0,302.0,27.0,33.0,0.001,5
14.0,15.0,42.0,73.0,0.001,5
62.0,425.0,276.0,651.0,26.0,5
88.7,460.8,94.9,184.6,18.3,5
119.0,670.0,286.0,934.0,19.0,5
109.0,102.0,28.0,91.0,0.001,5
0.001,4.9,81.0,172.0,0.001,5
24.0,78.0,266.0,779.0,7.0,5
24.0,80.0,258.0,741.0,6.0,5
18.0,35.0,2.0,110.0,0.001,2
10.0,4.0,1.0,87.0,0.001,2
8.0,1.0,0.001,60.0,0.001,2
24.0,20.0,4.0,87.0,0.001,2
21.0,42.0,4.0,92.0,0.001,2
35.0,29.0,7.0,78.0,0.001,2
8.0,88.0,45.0,252.0,0.001,2
0.001,28.0,64.0,408.0,6.0,2
0.001,106.0,170.0,871.0,6.0,2
86.0,480.0,155.0,644.0,9.0,2
121.0,450.0,146.0,898.0,116.0,2
0.001,3.4,0.001,54.0,0.001,2
11.0,13.0,2.0,127.0,0.001,2
4.0,2.0,1.0,63.0,0.001,2
20.0,26.0,6.0,55.0,0.001,2
34.0,174.0,52.0,361.0,0.001,2
7.0,31.0,23.0,148.0,0.001,2
0.001,0.001,0.001,142.0,0.001,2
0.001,10.0,17.0,68.0,5.0,2
9.0,47.0,144.0,628.0,0.001,2
53.0,189.0,25.0,295.0,5.0,2
12.0,270.0,0.001,275.0,0.001,2
0.001,153.0,130.0,677.0,13.0,2
27.0,51.0,0.001,153.0,0.001,2
0.001,0.001,9.0,57.0,0.001,2
78.0,20.0,11.0,13.0,28.0,3
60.0,10.0,4.0,4.0,4.0,3
95.0,10.0,0.001,11.0,39.0,3
210.0,22.0,6.0,6.0,7.0,3
385.0,60.0,8.0,53.0,159.0,3
120.0,25.0,1.0,8.0,40.0,3
4.0,1.0,2.0,7.0,52.0,3
57.0,24.0,2.0,27.0,30.0,3
120.0,31.0,0.001,66.0,94.0,1
13.0,3.0,1.0,3.0,6.0,1
137.0,67.0,7.0,53.0,104.0,1
34.0,21.0,4.0,49.0,56.0,1
150.0,130.0,9.0,55.0,30.0,1
75.0,15.0,7.0,14.0,26.0,1
60.0,5.0,2.0,21.0,21.0,1
90.0,28.0,8.0,31.0,32.0,1
305.0,85.0,25.0,197.0,130.0,1
245.0,120.0,18.0,131.0,167.0,1
150.0,22.0,9.0,60.0,11.0,2
100.0,200.0,110.0,670.0,11.0,2
1.0,8.0,8.0,100.0,6.0,2
107.0,143.0,34.0,222.0,2.0,2
130.0,140.0,2.0,120.0,0.001,4
55.0,22.0,358.0,2.6,0.001,4
78.0,66.0,283.0,2.6,0.001,4
530.0,345.0,85.0,266.0,21.0,1
60.0,5.0,2.0,21.0,32.0,1
1.0,27.0,49.0,4.0,1.0,4
14.0,14.0,124.0,7.0,1.0,4
19.3,103.0,159.0,19.0,0.6,2
27.0,30.0,23.0,2.4,0.1,4
23.0,63.0,54.0,10.0,0.3,3
21.0,34.0,5.0,47.0,62.0,1
160.0,130.0,33.0,96.0,0.1,5
180.0,175.0,75.0,50.0,4.0,5
345.0,112.3,27.5,51.5,58.8,3
30.4,117.0,44.2,138.0,0.1,5
181.0,262.0,41.0,28.0,0.001,4
173.0,334.0,172.0,812.5,37.7,2
60.0,40.0,6.9,110.0,70.0,1
220.0,340.0,42.0,480.0,14.0,2
170.0,320.0,53.0,520.0,3.2,2
27.0,90.0,42.0,63.0,0.2,5
56.0,286.0,96.0,928.0,7.0,2
200.0,48.0,14.0,117.0,131.0,1
78.0,161.0,86.0,353.0,10.0,2
32.4,5.5,1.4,12.6,13.2,1
980.0,73.0,58.0,12.0,0.001,6
160.0,130.0,33.0,96.0,0.001,4
650.0,53.0,35.0,20.0,0.001,6
95.0,110.0,160.0,50.0,0.001,4
300.0,490.0,180.0,360.0,95.0,5
200.0,700.0,250.0,740.0,1.0,5
625.0,130.0,47.0,2.0,0.0001,4
56.0,61.0,75.0,32.0,31.0,6
234.5,30.28,6.11,47.69,175.88,3
18.34,16.26,3.38,17.95,16.42,1
505.57,475.35,242.3,524.45,3.29,4
36.0,30.0,10.0,93.0,7.1,2
530.0,345.0,85.0,266.0,21.0,1
60.0,5.0,2.0,21.0,32.0,1
1.0,27.0,49.0,4.0,1.0,4
14.0,14.0,124.0,7.0,1.0,4
19.3,103.0,159.0,19.0,0.6,2
27.0,30.0,23.0,2.4,0.1,4
23.0,63.0,54.0,10.0,0.3,3
21.0,34.0,5.0,47.0,62.0,1
160.0,130.0,33.0,96.0,0.1,5
180.0,175.0,75.0,50.0,4.0,5
345.0,112.3,27.5,51.5,58.8,3
30.4,117.0,44.2,138.0,0.1,5
181.0,262.0,41.0,28.0,0.001,4
173.0,334.0,172.0,812.5,37.7,2
60.0,40.0,6.9,110.0,70.0,1
220.0,340.0,42.0,480.0,14.0,2
170.0,320.0,53.0,520.0,3.2,2
27.0,90.0,42.0,63.0,0.2,5
56.0,286.0,96.0,928.0,7.0,2
200.0,48.0,14.0,117.0,131.0,1
78.0,161.0,86.0,353.0,10.0,2
32.4,5.5,1.4,12.6,13.2,1
980.0,73.0,58.0,12.0,0.001,6
160.0,130.0,33.0,96.0,0.001,4
650.0,53.0,35.0,20.0,0.001,6
95.0,110.0,160.0,50.0,0.001,4
300.0,490.0,180.0,360.0,95.0,5
200.0,700.0,250.0,740.0,1.0,5
625.0,130.0,47.0,2.0,0.0001,4
56.0,61.0,75.0,32.0,31.0,6
234.5,30.28,6.11,47.69,175.88,3
18.34,16.26,3.38,17.95,16.42,1
505.57,475.35,242.3,524.45,3.29,4
36.0,30.0,10.0,93.0,7.1,2
345.0,112.3,27.5,51.5,58.8,3
181.0,262.0,41.0,28.0,0.001,4
172.9,334.0,172.0,812.5,37.7,2
60.0,40.0,6.9,110.0,70.0,1
220.0,340.0,42.0,480.0,14.0,2
170.0,320.0,53.0,520.0,3.2,2
27.0,90.0,42.0,73.0,0.2,4
565.0,53.0,34.0,47.0,0.001,3
56.0,286.0,96.0,28.0,7.0,2
200.0,48.0,14.0,117.0,131.0,1
78.0,161.0,86.0,353.0,10.0,2
32.4,5.5,1.4,12.6,13.2,1
41.0,65.0,22.0,58.0,0.001,5
20.0,48.0,36.0,186.0,0.001,2
179.0,306.0,73.0,579.0,0.001,2
73.0,177.0,37.0,52.0,0.001,5
39.0,7.0,12.0,65.0,0.001,2
37.0,96.0,19.0,57.0,0.001,5
46.0,147.0,27.0,150.0,0.001,2
18.0,63.0,20.0,51.0,0.001,5
28.0,62.0,16.0,76.0,0.001,2
68.0,78.0,103.0,136.0,0.001,2
54.0,143.0,23.0,101.0,0.001,5
19.0,47.0,27.0,62.0,0.001,5
86.0,277.0,63.0,338.0,0.001,2
20.0,19.0,45.0,77.0,0.001,2
25.0,49.0,42.0,58.0,0.001,5
53.0,150.0,64.0,379.0,0.001,2
114.0,241.0,80.0,574.0,0.001,2
99.0,288.0,73.0,386.0,0.001,2
34.0,83.0,100.0,136.0,0.001,2
20.0,132.0,61.0,17.0,0.001,4
13.0,138.0,83.0,16.0,0.001,4
43.0,116.0,65.0,139.0,0.001,5
179.0,306.0,73.0,579.0,0.001,2
57.0,141.0,38.0,51.0,0.001,5
35.0,283.0,121.0,222.0,0.001,5
15.0,159.0,29.0,87.0,0.001,5
55.0,159.0,114.0,493.0,0.001,2
37.0,123.0,67.0,52.0,0.001,4
7.0,15.0,78.0,58.0,0.001,4
30.0,51.0,12.0,54.0,0.001,2
31.0,56.0,33.0,77.0,0.001,5
109.0,226.0,68.0,192.0,0.001,5
137.0,279.0,66.0,505.0,0.001,2
59.0,119.0,36.0,70.0,0.001,5
151.0,242.0,68.0,232.0,0.001,5
870.0,77.0,73.0,54.0,14.0,6
376.0,575.0,146.0,1092.0,0.001,2
17.0,40.0,11.0,86.0,0.001,2
90.0,313.0,67.0,566.0,10.0,4
23.0,6.0,172.0,23.0,31.0,4
103.0,74.0,80.0,9.0,0.001,4
124.0,166.0,87.0,59.0,0.001,4
240.0,20.0,5.0,28.0,96.0,3
160.0,10.0,3.0,1.0,1.0,3
56.0,61.0,75.0,32.0,31.0,3
127.0,24.0,0.001,32.0,81.0,1
176.0,205.9,47.7,75.7,68.7,1
345.0,112.3,27.5,51.5,58.8,3
181.0,262.0,41.0,28.0,0.001,4
172.9,334.0,172.0,812.5,37.7,2
60.0,40.0,6.9,110.0,70.0,1
220.0,340.0,42.0,480.0,14.0,2
170.0,320.0,53.0,520.0,3.2,2
27.0,90.0,42.0,73.0,0.2,4
565.0,53.0,34.0,47.0,0.001,3
56.0,286.0,96.0,28.0,7.0,2
200.0,48.0,14.0,117.0,131.0,1
78.0,161.0,86.0,353.0,10.0,2
32.4,5.5,1.4,12.6,13.2,1
41.0,65.0,22.0,58.0,0.001,5
20.0,48.0,36.0,186.0,0.001,2
179.0,306.0,73.0,579.0,0.001,2
73.0,177.0,37.0,52.0,0.001,5
39.0,7.0,12.0,65.0,0.001,2
37.0,96.0,19.0,57.0,0.001,5
46.0,147.0,27.0,150.0,0.001,2
18.0,63.0,20.0,51.0,0.001,5
28.0,62.0,16.0,76.0,0.001,2
68.0,78.0,103.0,136.0,0.001,2
54.0,143.0,23.0,101.0,0.001,5
19.0,47.0,27.0,62.0,0.001,5
86.0,277.0,63.0,338.0,0.001,2
20.0,19.0,45.0,77.0,0.001,2
25.0,49.0,42.0,58.0,0.001,5
53.0,150.0,64.0,379.0,0.001,2
114.0,241.0,80.0,574.0,0.001,2
99.0,288.0,73.0,386.0,0.001,2
34.0,83.0,100.0,136.0,0.001,2
20.0,132.0,61.0,17.0,0.001,4
13.0,138.0,83.0,16.0,0.001,4
43.0,116.0,65.0,139.0,0.001,5
179.0,306.0,73.0,579.0,0.001,2
57.0,141.0,38.0,51.0,0.001,5
35.0,283.0,121.0,222.0,0.001,5
15.0,159.0,29.0,87.0,0.001,5
55.0,159.0,114.0,493.0,0.001,2
37.0,123.0,67.0,52.0,0.001,4
7.0,15.0,78.0,58.0,0.001,4
30.0,51.0,12.0,54.0,0.001,2
31.0,56.0,33.0,77.0,0.001,5
109.0,226.0,68.0,192.0,0.001,5
137.0,279.0,66.0,505.0,0.001,2
59.0,119.0,36.0,70.0,0.001,5
151.0,242.0,68.0,232.0,0.001,5
870.0,77.0,73.0,54.0,14.0,6
376.0,575.0,146.0,1092.0,0.001,2
17.0,40.0,11.0,86.0,0.001,2
90.0,313.0,67.0,566.0,10.0,4
23.0,6.0,172.0,23.0,31.0,4
103.0,74.0,80.0,9.0,0.001,4
124.0,166.0,87.0,59.0,0.001,4
240.0,20.0,5.0,28.0,96.0,3
160.0,10.0,3.0,1.0,1.0,3
56.0,61.0,75.0,32.0,31.0,3
127.0,24.0,0.001,32.0,81.0,1
